issued_at_utc,label_24h,event_base_rate,p_global,p_rolling30,p_rolling60,p_ewma_hl30,p_regime_rate,p_km_renewal,p_same_gap30,p_m2_no_regime,p_m2
2025-11-23T17:00:00Z,0,0.02985075,0.04347826,0.09375000,0.04838710,0.07389563,0.04347826,0.25000000,0.03125000,0.02764613,0.02764613
2025-11-24T17:00:00Z,0,0.02941176,0.04285714,0.09375000,0.04838710,0.07242613,0.04285714,0.25000000,0.03125000,0.02699728,0.02699728
2025-11-25T17:00:00Z,0,0.02898551,0.04225352,0.09375000,0.04838710,0.07100654,0.04225352,0.25000000,0.03125000,0.03119662,0.03119662
2025-11-26T17:00:00Z,0,0.02857143,0.04166667,0.09375000,0.04838710,0.06963472,0.04166667,0.25000000,0.03125000,0.03740091,0.03740091
2025-11-27T17:00:00Z,0,0.02816901,0.04109589,0.09375000,0.04838710,0.06830865,0.04109589,0.25000000,0.03125000,0.04237223,0.04237223
2025-11-28T17:00:00Z,0,0.02777778,0.04054054,0.09375000,0.04838710,0.06702640,0.04054054,0.25000000,0.03125000,0.04230409,0.04230409
2025-11-29T17:00:00Z,0,0.02739726,0.04000000,0.09375000,0.04838710,0.06578618,0.04000000,0.25000000,0.03125000,0.04191113,0.04191113
2025-11-30T17:00:00Z,0,0.02702703,0.03947368,0.09375000,0.04838710,0.06458626,0.03947368,0.25000000,0.03125000,0.03686143,0.03686143
2025-12-01T17:00:00Z,0,0.02666667,0.03896104,0.09375000,0.04838710,0.06342501,0.03896104,0.25000000,0.03125000,0.08355470,0.08355470
2025-12-02T17:00:00Z,1,0.02631579,0.03846154,0.09375000,0.04838710,0.06230089,0.03846154,0.25000000,0.03125000,0.07236340,0.07236340
2025-12-03T17:00:00Z,0,0.03896104,0.05063291,0.12500000,0.06451613,0.08722750,0.05063291,0.20000000,0.06250000,0.15678817,0.15678817
2025-12-04T17:00:00Z,0,0.03846154,0.05000000,0.12500000,0.06451613,0.08546799,0.05000000,0.20000000,0.06250000,0.13060748,0.13060748
2025-12-05T17:00:00Z,0,0.03797468,0.04938272,0.12500000,0.06451613,0.08376347,0.04938272,0.20000000,0.03125000,0.10232950,0.10232950
2025-12-06T17:00:00Z,0,0.03750000,0.04878049,0.09375000,0.06451613,0.08211182,0.04878049,0.20000000,0.03125000,0.09359017,0.09359017
2025-12-07T17:00:00Z,0,0.03703704,0.04819277,0.09375000,0.06451613,0.08051106,0.04819277,0.20000000,0.03125000,0.09289626,0.09289626
2025-12-08T17:00:00Z,0,0.03658537,0.04761905,0.09375000,0.06451613,0.07895927,0.04761905,0.20000000,0.06250000,0.09932716,0.09932716
2025-12-09T17:00:00Z,0,0.03614458,0.04705882,0.09375000,0.06451613,0.07745463,0.04705882,0.20000000,0.06250000,0.11176925,0.11176925
2025-12-10T17:00:00Z,0,0.03571429,0.04651163,0.09375000,0.06451613,0.07599542,0.04651163,0.20000000,0.06250000,0.11001100,0.11001100
2025-12-11T17:00:00Z,0,0.03529412,0.04597701,0.09375000,0.06451613,0.07457997,0.04597701,0.20000000,0.06250000,0.09260099,0.09260099
2025-12-12T17:00:00Z,0,0.03488372,0.04545455,0.09375000,0.06451613,0.07320671,0.04545455,0.40000000,0.06250000,0.07374284,0.07374284
2025-12-13T17:00:00Z,0,0.03448276,0.04494382,0.09375000,0.06451613,0.07187413,0.04494382,0.25000000,0.06250000,0.06899256,0.06899256
2025-12-14T17:00:00Z,0,0.03409091,0.04444444,0.09375000,0.06451613,0.07058079,0.04444444,0.25000000,0.09375000,0.07123709,0.07123709
2025-12-15T17:00:00Z,0,0.03370787,0.04395604,0.09375000,0.06451613,0.06932531,0.04395604,0.25000000,0.09375000,0.07816329,0.07816329
2025-12-16T17:00:00Z,1,0.03333333,0.04347826,0.09375000,0.06451613,0.06810637,0.04347826,0.25000000,0.09375000,0.08903759,0.08903759
2025-12-17T17:00:00Z,0,0.04395604,0.05376344,0.12500000,0.08064516,0.09162525,0.05376344,0.16666667,0.03125000,0.06694388,0.06694388
2025-12-18T17:00:00Z,0,0.04347826,0.05319149,0.12500000,0.08064516,0.08983885,0.05319149,0.16666667,0.03125000,0.05713585,0.05713585
2025-12-19T17:00:00Z,1,0.04301075,0.05263158,0.12500000,0.08064516,0.08810361,0.05263158,0.16666667,0.03125000,0.04479454,0.04479454
2025-12-20T17:00:00Z,0,0.05319149,0.06250000,0.15625000,0.09677419,0.11090371,0.06250000,0.14285714,0.06250000,0.06420170,0.06420170
2025-12-21T17:00:00Z,0,0.05263158,0.06185567,0.15625000,0.09677419,0.10863983,0.06185567,0.14285714,0.06250000,0.06994818,0.06994818
2025-12-22T17:00:00Z,0,0.05208333,0.06122449,0.15625000,0.09677419,0.10643980,0.06122449,0.28571429,0.06250000,0.08906555,0.08906555
2025-12-23T17:00:00Z,0,0.05154639,0.06060606,0.12500000,0.09677419,0.10430151,0.06060606,0.16666667,0.06250000,0.11263841,0.11263841
2025-12-24T17:00:00Z,1,0.05102041,0.06000000,0.12500000,0.09677419,0.10222295,0.06000000,0.16666667,0.06250000,0.12644555,0.12644555
2025-12-25T17:00:00Z,0,0.06060606,0.06930693,0.15625000,0.11290323,0.12436600,0.06930693,0.12500000,0.09375000,0.10802274,0.10802274
2025-12-26T17:00:00Z,0,0.06000000,0.06862745,0.15625000,0.11290323,0.12179148,0.06862745,0.12500000,0.09375000,0.08662294,0.08662294
2025-12-27T17:00:00Z,0,0.05940594,0.06796117,0.15625000,0.11290323,0.11928790,0.06796117,0.25000000,0.09375000,0.06828663,0.06828663
2025-12-28T17:00:00Z,0,0.05882353,0.06730769,0.15625000,0.11290323,0.11685302,0.06730769,0.14285714,0.09375000,0.07050563,0.07050563
2025-12-29T17:00:00Z,0,0.05825243,0.06666667,0.15625000,0.11290323,0.11448467,0.06666667,0.28571429,0.09375000,0.09833567,0.09833567
2025-12-30T17:00:00Z,0,0.05769231,0.06603774,0.15625000,0.11290323,0.11218076,0.06603774,0.16666667,0.09375000,0.14180677,0.14180677
2025-12-31T17:00:00Z,0,0.05714286,0.06542056,0.15625000,0.11290323,0.10993930,0.06542056,0.16666667,0.06250000,0.16908463,0.16908463
2026-01-01T17:00:00Z,0,0.05660377,0.06481481,0.15625000,0.11290323,0.10775834,0.06481481,0.16666667,0.09375000,0.23130003,0.23130003
2026-01-02T17:00:00Z,0,0.05607477,0.06422018,0.12500000,0.11290323,0.10563604,0.06422018,0.16666667,0.06250000,0.14785469,0.14785469
2026-01-03T17:00:00Z,0,0.05555556,0.06363636,0.12500000,0.11290323,0.10357060,0.06363636,0.33333333,0.06250000,0.10165139,0.10165139
2026-01-04T17:00:00Z,0,0.05504587,0.06306306,0.12500000,0.11290323,0.10156030,0.06306306,0.20000000,0.09375000,0.09542005,0.09542005
2026-01-05T17:00:00Z,0,0.05454545,0.06250000,0.12500000,0.09677419,0.09960346,0.06250000,0.20000000,0.09375000,0.12217470,0.12217470
2026-01-06T17:00:00Z,0,0.05405405,0.06194690,0.12500000,0.09677419,0.09769850,0.06194690,0.20000000,0.12500000,0.15978030,0.15978030
2026-01-07T17:00:00Z,0,0.05357143,0.06140351,0.12500000,0.09677419,0.09584386,0.06140351,0.40000000,0.12500000,0.17202525,0.17202525
2026-01-08T17:00:00Z,0,0.05309735,0.06086957,0.12500000,0.09677419,0.09403805,0.06086957,0.25000000,0.12500000,0.13869230,0.13869230
2026-01-09T17:00:00Z,0,0.05263158,0.06034483,0.12500000,0.09677419,0.09227963,0.06034483,0.25000000,0.12500000,0.09328397,0.09328397
2026-01-10T17:00:00Z,0,0.05217391,0.05982906,0.12500000,0.09677419,0.09056721,0.05982906,0.50000000,0.09375000,0.06641583,0.06641583
2026-01-11T17:00:00Z,0,0.05172414,0.05932203,0.12500000,0.09677419,0.08889945,0.05932203,0.33333333,0.09375000,0.06460730,0.06460730
2026-01-12T17:00:00Z,0,0.05128205,0.05882353,0.12500000,0.09677419,0.08727505,0.05882353,0.33333333,0.09375000,0.08549950,0.08549950
2026-01-13T17:00:00Z,0,0.05084746,0.05833333,0.12500000,0.09677419,0.08569276,0.05833333,0.33333333,0.09375000,0.11544856,0.11544856
2026-01-14T17:00:00Z,0,0.05042017,0.05785124,0.12500000,0.09677419,0.08415137,0.05785124,0.33333333,0.09375000,0.12717488,0.12717488
2026-01-15T17:00:00Z,0,0.05000000,0.05737705,0.12500000,0.09677419,0.08264970,0.05737705,0.33333333,0.09375000,0.10367349,0.10367349
2026-01-16T17:00:00Z,0,0.04958678,0.05691057,0.09375000,0.09677419,0.08118664,0.05691057,0.33333333,0.09375000,0.07032619,0.07032619
2026-01-17T17:00:00Z,0,0.04918033,0.05645161,0.09375000,0.09677419,0.07976108,0.05645161,0.33333333,0.06250000,0.05056993,0.05056993
2026-01-18T17:00:00Z,0,0.04878049,0.05600000,0.09375000,0.09677419,0.07837196,0.05600000,0.33333333,0.06250000,0.04988783,0.04988783
2026-01-19T17:00:00Z,0,0.04838710,0.05555556,0.06250000,0.09677419,0.07701827,0.05555556,0.33333333,0.06250000,0.06696760,0.06696760
2026-01-20T17:00:00Z,0,0.04800000,0.05511811,0.06250000,0.09677419,0.07569901,0.05511811,0.33333333,0.06250000,0.09146430,0.09146430
2026-01-21T17:00:00Z,0,0.04761905,0.05468750,0.06250000,0.09677419,0.07441323,0.05468750,0.33333333,0.03125000,0.10146941,0.10146941
2026-01-22T17:00:00Z,0,0.04724409,0.05426357,0.06250000,0.08064516,0.07315999,0.05426357,0.33333333,0.03125000,0.08282164,0.08282164
2026-01-23T17:00:00Z,0,0.04687500,0.05384615,0.06250000,0.08064516,0.07193840,0.05384615,0.33333333,0.03125000,0.05636297,0.05636297
2026-01-24T17:00:00Z,0,0.04651163,0.05343511,0.03125000,0.08064516,0.07074759,0.05343511,0.33333333,0.03125000,0.04074443,0.04074443
2026-01-25T17:00:00Z,0,0.04615385,0.05303030,0.03125000,0.08064516,0.06958672,0.05303030,0.33333333,0.03125000,0.04062979,0.04062979
2026-01-26T17:00:00Z,0,0.04580153,0.05263158,0.03125000,0.08064516,0.06845496,0.05263158,0.33333333,0.03125000,0.05491401,0.05491401
2026-01-27T17:00:00Z,0,0.04545455,0.05223881,0.03125000,0.08064516,0.06735154,0.05223881,0.33333333,0.03125000,0.07541542,0.07541542
2026-01-28T17:00:00Z,0,0.04511278,0.05185185,0.03125000,0.08064516,0.06627567,0.05185185,0.33333333,0.03125000,0.08378430,0.08378430
2026-01-29T17:00:00Z,0,0.04477612,0.05147059,0.03125000,0.08064516,0.06522663,0.05147059,0.33333333,0.03125000,0.06840156,0.06840156
2026-01-30T17:00:00Z,0,0.04444444,0.05109489,0.03125000,0.08064516,0.06420368,0.05109489,0.33333333,0.03125000,0.04661599,0.04661599
2026-01-31T17:00:00Z,0,0.04411765,0.05072464,0.03125000,0.08064516,0.06320612,0.05072464,0.33333333,0.03125000,0.03387214,0.03387214
2026-02-01T17:00:00Z,0,0.04379562,0.05035971,0.03125000,0.06451613,0.06223329,0.05035971,0.33333333,0.03125000,0.01621233,0.01621233
2026-02-02T17:00:00Z,0,0.04347826,0.05000000,0.03125000,0.06451613,0.06128453,0.05000000,0.33333333,0.03125000,0.02216712,0.02216712
2026-02-03T17:00:00Z,0,0.04316547,0.04964539,0.03125000,0.06451613,0.06035919,0.04964539,0.33333333,0.06250000,0.03083044,0.03083044
2026-02-04T17:00:00Z,0,0.04285714,0.04929577,0.03125000,0.06451613,0.05945665,0.04929577,0.33333333,0.06250000,0.03431592,0.03431592
2026-02-05T17:00:00Z,0,0.04255319,0.04895105,0.03125000,0.06451613,0.05857632,0.04895105,0.33333333,0.06250000,0.02777002,0.02777002
2026-02-06T17:00:00Z,0,0.04225352,0.04861111,0.03125000,0.06451613,0.05771761,0.04861111,0.33333333,0.06250000,0.01881767,0.01881767
2026-02-07T17:00:00Z,0,0.04195804,0.04827586,0.03125000,0.06451613,0.05687996,0.04827586,0.33333333,0.06250000,0.01368877,0.01368877
2026-02-08T17:00:00Z,0,0.04166667,0.04794521,0.03125000,0.06451613,0.05606282,0.04794521,0.33333333,0.06250000,0.01387683,0.01387683
2026-02-09T17:00:00Z,0,0.04137931,0.04761905,0.03125000,0.06451613,0.05526564,0.04761905,0.33333333,0.06250000,0.01911257,0.01911257
2026-02-10T17:00:00Z,0,0.04109589,0.04729730,0.03125000,0.06451613,0.05448793,0.04729730,0.33333333,0.06250000,0.02673711,0.02673711
2026-02-11T17:00:00Z,0,0.04081633,0.04697987,0.03125000,0.06451613,0.05372916,0.04697987,0.33333333,0.06250000,0.02993399,0.02993399
2026-02-12T17:00:00Z,0,0.04054054,0.04666667,0.03125000,0.06451613,0.05298886,0.04666667,0.66666667,0.06250000,0.02433544,0.02433544
2026-02-13T17:00:00Z,0,0.04026846,0.04635762,0.03125000,0.06451613,0.05226654,0.04635762,0.50000000,0.06250000,0.01654340,0.01654340
2026-02-14T17:00:00Z,0,0.04000000,0.04605263,0.03125000,0.06451613,0.05156175,0.04605263,0.50000000,0.06250000,0.01209211,0.01209211
2026-02-15T17:00:00Z,0,0.03973510,0.04575163,0.03125000,0.04838710,0.05087403,0.04575163,0.50000000,0.06250000,0.01229074,0.01229074
2026-02-16T17:00:00Z,0,0.03947368,0.04545455,0.03125000,0.04838710,0.05020295,0.04545455,0.50000000,0.06250000,0.01694352,0.01694352
2026-02-17T17:00:00Z,0,0.03921569,0.04516129,0.03125000,0.04838710,0.04954809,0.04516129,0.50000000,0.06250000,0.02377758,0.02377758
2026-02-18T17:00:00Z,0,0.03896104,0.04487179,0.03125000,0.03225806,0.04890904,0.04487179,0.50000000,0.06250000,0.02670123,0.02670123
2026-02-19T17:00:00Z,0,0.03870968,0.04458599,0.03125000,0.03225806,0.04828539,0.04458599,0.50000000,0.06250000,0.02175836,0.02175836
2026-02-20T17:00:00Z,0,0.03846154,0.04430380,0.03125000,0.03225806,0.04767675,0.04430380,0.50000000,0.06250000,0.01484640,0.01484640
2026-02-21T17:00:00Z,0,0.03821656,0.04402516,0.03125000,0.03225806,0.04708274,0.04402516,0.50000000,0.06250000,0.01086589,0.01086589
2026-02-22T17:00:00Z,0,0.03797468,0.04375000,0.03125000,0.03225806,0.04650300,0.04375000,0.50000000,0.06250000,0.01105343,0.01105343
2026-02-23T17:00:00Z,0,0.03773585,0.04347826,0.03125000,0.01612903,0.04593717,0.04347826,0.50000000,0.06250000,0.01527027,0.01527027
2026-02-24T17:00:00Z,0,0.03750000,0.04320988,0.03125000,0.01612903,0.04538489,0.04320988,0.50000000,0.06250000,0.02147237,0.02147237
2026-02-25T17:00:00Z,0,0.03726708,0.04294479,0.03125000,0.01612903,0.04484584,0.04294479,0.50000000,0.06250000,0.02415716,0.02415716
2026-02-26T17:00:00Z,0,0.03703704,0.04268293,0.03125000,0.01612903,0.04431967,0.04268293,0.50000000,0.06250000,0.01973778,0.01973778
2026-02-27T17:00:00Z,0,0.03680982,0.04242424,0.03125000,0.01612903,0.04380607,0.04242424,0.50000000,0.06250000,0.01346694,0.01346694
2026-02-28T17:00:00Z,0,0.03658537,0.04216867,0.03125000,0.01612903,0.04330473,0.04216867,0.50000000,0.06250000,0.00987246,0.00987246
2026-03-01T17:00:00Z,0,0.03636364,0.04191617,0.03125000,0.01612903,0.04281533,0.04191617,0.50000000,0.06250000,0.00289731,0.00289731
2026-03-02T17:00:00Z,1,0.03614458,0.04166667,0.03125000,0.01612903,0.04233759,0.04166667,0.50000000,0.06250000,0.00417192,0.00417192
2026-03-03T17:00:00Z,0,0.04191617,0.04733728,0.06250000,0.03225806,0.06414008,0.04733728,0.11111111,0.06250000,0.02551547,0.02551547
2026-03-04T17:00:00Z,1,0.04166667,0.04705882,0.06250000,0.03225806,0.06316595,0.04705882,0.11111111,0.06250000,0.02392852,0.02392852
2026-03-05T17:00:00Z,0,0.04733728,0.05263158,0.09375000,0.04838710,0.08446316,0.05263158,0.10000000,0.09375000,0.08734965,0.08734965
2026-03-06T17:00:00Z,0,0.04705882,0.05232558,0.09375000,0.04838710,0.08301683,0.05232558,0.20000000,0.09375000,0.04850558,0.04850558
2026-03-07T17:00:00Z,1,0.04678363,0.05202312,0.09375000,0.04838710,0.08160479,0.05202312,0.22222222,0.12500000,0.03347948,0.03347948
2026-03-08T17:00:00Z,0,0.05232558,0.05747126,0.12500000,0.06451613,0.10244520,0.05747126,0.09090909,0.12500000,0.13101218,0.13101218
2026-03-09T17:00:00Z,1,0.05202312,0.05714286,0.12500000,0.06451613,0.10058268,0.05714286,0.18181818,0.12500000,0.13372912,0.13372912
2026-03-10T17:00:00Z,1,0.05747126,0.06250000,0.15625000,0.08064516,0.12096487,0.06250000,0.08333333,0.15625000,0.29682367,0.29682367
2026-03-11T17:00:00Z,0,0.06285714,0.06779661,0.18750000,0.09677419,0.14086548,0.06779661,0.15384615,0.18750000,0.36362360,0.36362360
2026-03-12T17:00:00Z,0,0.06250000,0.06741573,0.18750000,0.09677419,0.13811307,0.06741573,0.25000000,0.18750000,0.20941869,0.20941869
2026-03-13T17:00:00Z,0,0.06214689,0.06703911,0.18750000,0.09677419,0.13542558,0.06703911,0.30000000,0.15625000,0.13605185,0.13605185
2026-03-14T17:00:00Z,0,0.06179775,0.06666667,0.18750000,0.09677419,0.13280145,0.06666667,0.12500000,0.18750000,0.11636540,0.11636540
2026-03-15T17:00:00Z,0,0.06145251,0.06629834,0.18750000,0.09677419,0.13023914,0.06629834,0.25000000,0.12500000,0.14023585,0.14023585
2026-03-16T17:00:00Z,0,0.06111111,0.06593407,0.18750000,0.09677419,0.12773714,0.06593407,0.14285714,0.06250000,0.18953030,0.18953030
2026-03-17T17:00:00Z,0,0.06077348,0.06557377,0.18750000,0.09677419,0.12529400,0.06557377,0.14285714,0.06250000,0.19899043,0.19899043
2026-03-18T17:00:00Z,0,0.06043956,0.06521739,0.18750000,0.09677419,0.12290830,0.06521739,0.14285714,0.09375000,0.15730362,0.15730362
2026-03-19T17:00:00Z,0,0.06010929,0.06486486,0.18750000,0.09677419,0.12057864,0.06486486,0.14285714,0.06250000,0.10240407,0.10240407
2026-03-20T17:00:00Z,0,0.05978261,0.06451613,0.18750000,0.09677419,0.11830368,0.06451613,0.28571429,0.06250000,0.07185784,0.07185784
2026-03-21T17:00:00Z,0,0.05945946,0.06417112,0.18750000,0.09677419,0.11608209,0.06417112,0.16666667,0.06250000,0.06556705,0.06556705
2026-03-22T17:00:00Z,0,0.05913978,0.06382979,0.18750000,0.09677419,0.11391260,0.06382979,0.16666667,0.09375000,0.08493677,0.08493677
2026-03-23T17:00:00Z,0,0.05882353,0.06349206,0.18750000,0.09677419,0.11179395,0.06349206,0.16666667,0.09375000,0.12244939,0.12244939
2026-03-24T17:00:00Z,0,0.05851064,0.06315789,0.18750000,0.09677419,0.10972492,0.06315789,0.33333333,0.09375000,0.13486476,0.13486476
2026-03-25T17:00:00Z,0,0.05820106,0.06282723,0.18750000,0.09677419,0.10770432,0.06282723,0.20000000,0.09375000,0.10827179,0.10827179
2026-03-26T17:00:00Z,1,0.05789474,0.06250000,0.18750000,0.09677419,0.10573098,0.06250000,0.20000000,0.09375000,0.07104500,0.07104500
2026-03-27T17:00:00Z,0,0.06282723,0.06735751,0.21875000,0.11290323,0.12587936,0.06735751,0.14285714,0.15625000,0.14522819,0.14522819
2026-03-28T17:00:00Z,0,0.06250000,0.06701031,0.21875000,0.11290323,0.12348723,0.06701031,0.23076923,0.15625000,0.10386832,0.10386832
2026-03-29T17:00:00Z,0,0.06217617,0.06666667,0.21875000,0.11290323,0.12115097,0.06666667,0.27272727,0.15625000,0.11204681,0.11204681
2026-03-30T17:00:00Z,0,0.06185567,0.06632653,0.21875000,0.11290323,0.11886925,0.06632653,0.11111111,0.12500000,0.15246465,0.15246465
2026-03-31T17:00:00Z,1,0.06153846,0.06598985,0.21875000,0.11290323,0.11664077,0.06598985,0.22222222,0.09375000,0.17487784,0.17487784
2026-04-01T17:00:00Z,0,0.06632653,0.07070707,0.25000000,0.12903226,0.13651165,0.07070707,0.13333333,0.15625000,0.30271841,0.30271841
2026-04-02T17:00:00Z,0,0.06598985,0.07035176,0.21875000,0.12903226,0.13387719,0.07035176,0.21428571,0.15625000,0.17036400,0.17036400
2026-04-03T17:00:00Z,0,0.06565657,0.07000000,0.21875000,0.12903226,0.13130410,0.07000000,0.25000000,0.15625000,0.10140601,0.10140601
2026-04-04T17:00:00Z,0,0.06532663,0.06965174,0.18750000,0.12903226,0.12879095,0.06965174,0.10000000,0.15625000,0.07786141,0.07786141
2026-04-05T17:00:00Z,0,0.06500000,0.06930693,0.18750000,0.12903226,0.12633629,0.06930693,0.30000000,0.15625000,0.09391372,0.09391372
2026-04-06T17:00:00Z,0,0.06467662,0.06896552,0.18750000,0.12903226,0.12393876,0.06896552,0.12500000,0.09375000,0.14176677,0.14176677
2026-04-07T17:00:00Z,1,0.06435644,0.06862745,0.15625000,0.12903226,0.12159698,0.06862745,0.12500000,0.09375000,0.16686605,0.16686605
2026-04-08T17:00:00Z,0,0.06896552,0.07317073,0.18750000,0.14516129,0.14132279,0.07317073,0.12500000,0.12500000,0.26720975,0.26720975
2026-04-09T17:00:00Z,1,0.06862745,0.07281553,0.15625000,0.14516129,0.13858149,0.07281553,0.20000000,0.15625000,0.14949122,0.14949122
2026-04-10T17:00:00Z,0,0.07317073,0.07729469,0.15625000,0.16129032,0.15790821,0.07729469,0.11764706,0.15625000,0.14353340,0.14353340
2026-04-11T17:00:00Z,0,0.07281553,0.07692308,0.15625000,0.16129032,0.15478604,0.07692308,0.25000000,0.18750000,0.09895253,0.09895253
2026-04-12T17:00:00Z,0,0.07246377,0.07655502,0.15625000,0.16129032,0.15173634,0.07655502,0.23076923,0.15625000,0.11549465,0.11549465
2026-04-13T17:00:00Z,0,0.07211538,0.07619048,0.15625000,0.16129032,0.14875741,0.07619048,0.09090909,0.15625000,0.18242289,0.18242289
2026-04-14T17:00:00Z,0,0.07177033,0.07582938,0.15625000,0.16129032,0.14584758,0.07582938,0.27272727,0.12500000,0.22751862,0.22751862
2026-04-15T17:00:00Z,0,0.07142857,0.07547170,0.15625000,0.16129032,0.14300522,0.07547170,0.11111111,0.12500000,0.20170250,0.20170250
2026-04-16T17:00:00Z,1,0.07109005,0.07511737,0.15625000,0.16129032,0.14022875,0.07511737,0.22222222,0.09375000,0.12900409,0.12900409
2026-04-17T17:00:00Z,0,0.07547170,0.07943925,0.18750000,0.17741935,0.15949322,0.07943925,0.11111111,0.15625000,0.14983067,0.14983067
2026-04-18T17:00:00Z,0,0.07511737,0.07906977,0.18750000,0.17741935,0.15633844,0.07906977,0.23529412,0.15625000,0.09448761,0.09448761
2026-04-19T17:00:00Z,0,0.07476636,0.07870370,0.18750000,0.17741935,0.15325671,0.07870370,0.21428571,0.18750000,0.10224100,0.10224100
2026-04-20T17:00:00Z,1,0.07441860,0.07834101,0.18750000,0.17741935,0.15024633,0.07834101,0.08333333,0.15625000,0.16318110,0.16318110
2026-04-21T17:00:00Z,0,0.07870370,0.08256881,0.21875000,0.19354839,0.16926830,0.08256881,0.10526316,0.15625000,0.32151186,0.32151186
2026-04-22T17:00:00Z,0,0.07834101,0.08219178,0.21875000,0.19354839,0.16589078,0.08219178,0.22222222,0.15625000,0.27237532,0.27237532
2026-04-23T17:00:00Z,0,0.07798165,0.08181818,0.21875000,0.19354839,0.16259138,0.08181818,0.20000000,0.15625000,0.17753644,0.17753644
2026-04-24T17:00:00Z,0,0.07762557,0.08144796,0.21875000,0.19354839,0.15936827,0.08144796,0.15384615,0.18750000,0.10923923,0.10923923
2026-04-25T17:00:00Z,0,0.07727273,0.08108108,0.21875000,0.19354839,0.15621966,0.08108108,0.25000000,0.12500000,0.07635122,0.07635122
2026-04-26T17:00:00Z,0,0.07692308,0.08071749,0.18750000,0.19354839,0.15314381,0.08071749,0.10000000,0.15625000,0.09318313,0.09318313
2026-04-27T17:00:00Z,1,0.07657658,0.08035714,0.18750000,0.19354839,0.15013902,0.08035714,0.30000000,0.12500000,0.16057218,0.16057218
2026-04-28T17:00:00Z,0,0.08071749,0.08444444,0.21875000,0.20967742,0.16914490,0.08444444,0.10000000,0.15625000,0.31749645,0.31749645
2026-04-29T17:00:00Z,0,0.08035714,0.08407080,0.21875000,0.20967742,0.16577344,0.08407080,0.21052632,0.12500000,0.25354824,0.25354824
2026-04-30T17:00:00Z,0,0.08000000,0.08370044,0.21875000,0.20967742,0.16247980,0.08370044,0.18750000,0.18750000,0.16085524,0.16085524
2026-05-01T17:00:00Z,0,0.07964602,0.08333333,0.18750000,0.20967742,0.15926218,0.08333333,0.14285714,0.12500000,0.09831544,0.09831544
2026-05-02T17:00:00Z,0,0.07929515,0.08296943,0.18750000,0.19354839,0.15611881,0.08296943,0.23076923,0.12500000,0.07007321,0.07007321
2026-05-03T17:00:00Z,0,0.07894737,0.08260870,0.18750000,0.19354839,0.15304795,0.08260870,0.09090909,0.18750000,0.09077198,0.09077198
2026-05-04T17:00:00Z,0,0.07860262,0.08225108,0.18750000,0.17741935,0.15004791,0.08225108,0.36363636,0.15625000,0.16204386,0.16204386
2026-05-05T17:00:00Z,0,0.07826087,0.08189655,0.18750000,0.17741935,0.14711705,0.08189655,0.12500000,0.12500000,0.19172477,0.19172477
2026-05-06T17:00:00Z,0,0.07792208,0.08154506,0.18750000,0.17741935,0.14425375,0.08154506,0.12500000,0.12500000,0.15914826,0.15914826
2026-05-07T17:00:00Z,0,0.07758621,0.08119658,0.18750000,0.16129032,0.14145645,0.08119658,0.25000000,0.06250000,0.09985627,0.09985627
2026-05-08T17:00:00Z,0,0.07725322,0.08085106,0.15625000,0.16129032,0.13872361,0.08085106,0.14285714,0.06250000,0.06395687,0.06395687
2026-05-09T17:00:00Z,0,0.07692308,0.08050847,0.15625000,0.14516129,0.13605374,0.08050847,0.14285714,0.09375000,0.04668411,0.04668411
2026-05-10T17:00:00Z,0,0.07659574,0.08016878,0.12500000,0.12903226,0.13344536,0.08016878,0.14285714,0.09375000,0.06211290,0.06211290
2026-05-11T17:00:00Z,0,0.07627119,0.07983193,0.12500000,0.12903226,0.13089705,0.07983193,0.28571429,0.09375000,0.11535418,0.11535418
2026-05-12T17:00:00Z,0,0.07594937,0.07949791,0.12500000,0.12903226,0.12840742,0.07949791,0.16666667,0.12500000,0.14044953,0.14044953
2026-05-13T17:00:00Z,0,0.07563025,0.07916667,0.12500000,0.12903226,0.12597510,0.07916667,0.33333333,0.12500000,0.11751338,0.11751338
2026-05-14T17:00:00Z,0,0.07531381,0.07883817,0.12500000,0.12903226,0.12359877,0.07883817,0.40000000,0.12500000,0.07376763,0.07376763
2026-05-15T17:00:00Z,0,0.07500000,0.07851240,0.12500000,0.12903226,0.12127712,0.07851240,0.25000000,0.12500000,0.04755277,0.04755277
2026-05-16T17:00:00Z,1,0.07468880,0.07818930,0.12500000,0.12903226,0.11900889,0.07818930,0.25000000,0.12500000,0.03496975,0.03496975
2026-05-17T17:00:00Z,0,0.07851240,0.08196721,0.12500000,0.14516129,0.13869087,0.08196721,0.09523810,0.12500000,0.10943639,0.10943639
2026-05-18T17:00:00Z,0,0.07818930,0.08163265,0.12500000,0.14516129,0.13602390,0.08163265,0.20000000,0.15625000,0.15912835,0.15912835
2026-05-19T17:00:00Z,0,0.07786885,0.08130081,0.12500000,0.14516129,0.13341826,0.08130081,0.17647059,0.12500000,0.17689663,0.17689663
2026-05-20T17:00:00Z,0,0.07755102,0.08097166,0.12500000,0.14516129,0.13087254,0.08097166,0.13333333,0.15625000,0.14941173,0.14941173
2026-05-21T17:00:00Z,0,0.07723577,0.08064516,0.09375000,0.14516129,0.12838535,0.08064516,0.21428571,0.12500000,0.10155548,0.10155548
2026-05-22T17:00:00Z,0,0.07692308,0.08032129,0.09375000,0.14516129,0.12595532,0.08032129,0.08333333,0.18750000,0.07069987,0.07069987
2026-05-23T17:00:00Z,1,0.07661290,0.08000000,0.09375000,0.14516129,0.12358115,0.08000000,0.33333333,0.12500000,0.05684267,0.05684267
2026-05-24T17:00:00Z,0,0.08032129,0.08366534,0.12500000,0.16129032,0.14314788,0.08366534,0.09090909,0.12500000,0.12127336,0.12127336
2026-05-25T17:00:00Z,0,0.08000000,0.08333333,0.12500000,0.16129032,0.14038020,0.08333333,0.19047619,0.15625000,0.15548192,0.15548192
2026-05-26T17:00:00Z,0,0.07968127,0.08300395,0.12500000,0.14516129,0.13767610,0.08300395,0.16666667,0.12500000,0.16737991,0.16737991
2026-05-27T17:00:00Z,0,0.07936508,0.08267717,0.12500000,0.14516129,0.13503412,0.08267717,0.12500000,0.15625000,0.14463209,0.14463209
2026-05-28T17:00:00Z,0,0.07905138,0.08235294,0.09375000,0.14516129,0.13245282,0.08235294,0.20000000,0.09375000,0.10562673,0.10562673
2026-05-29T17:00:00Z,0,0.07874016,0.08203125,0.09375000,0.14516129,0.12993080,0.08203125,0.07692308,0.18750000,0.07925325,0.07925325
2026-05-30T17:00:00Z,1,0.07843137,0.08171206,0.09375000,0.14516129,0.12746670,0.08171206,0.38461538,0.15625000,0.06972216,0.06972216
2026-05-31T17:00:00Z,0,0.08203125,0.08527132,0.12500000,0.14516129,0.14693557,0.08527132,0.08695652,0.12500000,0.14034438,0.14034438
2026-06-01T17:00:00Z,0,0.08171206,0.08494208,0.12500000,0.14516129,0.14408238,0.08494208,0.18181818,0.12500000,0.12201256,0.12201256
2026-06-02T17:00:00Z,0,0.08139535,0.08461538,0.12500000,0.14516129,0.14129469,0.08461538,0.15789474,0.15625000,0.12624450,0.12624450
2026-06-03T17:00:00Z,1,0.08108108,0.08429119,0.12500000,0.14516129,0.13857098,0.08429119,0.11764706,0.12500000,0.10955747,0.10955747
2026-06-04T17:00:00Z,0,0.08461538,0.08778626,0.15625000,0.16129032,0.15778119,0.08778626,0.08333333,0.09375000,0.12320978,0.12320978
2026-06-05T17:00:00Z,0,0.08429119,0.08745247,0.15625000,0.16129032,0.15468036,0.08745247,0.17391304,0.12500000,0.08792677,0.08792677
2026-06-06T17:00:00Z,0,0.08396947,0.08712121,0.15625000,0.16129032,0.15165067,0.08712121,0.15000000,0.12500000,0.07843781,0.07843781
2026-06-07T17:00:00Z,0,0.08365019,0.08679245,0.15625000,0.14516129,0.14869049,0.08679245,0.16666667,0.15625000,0.08797239,0.08797239
2026-06-08T17:00:00Z,0,0.08333333,0.08646617,0.15625000,0.14516129,0.14579821,0.08646617,0.18750000,0.12500000,0.10988776,0.10988776
2026-06-09T17:00:00Z,0,0.08301887,0.08614232,0.15625000,0.12903226,0.14297228,0.08614232,0.07142857,0.15625000,0.12601595,0.12601595
2026-06-10T17:00:00Z,0,0.08270677,0.08582090,0.15625000,0.12903226,0.14021115,0.08582090,0.42857143,0.18750000,0.11546284,0.11546284
2026-06-11T17:00:00Z,1,0.08239700,0.08550186,0.15625000,0.12903226,0.13751335,0.50000000,0.11111111,0.18750000,0.08723632,0.08723632
2026-06-12T17:00:00Z,0,0.08582090,0.08888889,0.18750000,0.14516129,0.15674013,0.66666667,0.08000000,0.09375000,0.10019897,0.12034809
2026-06-13T17:00:00Z,0,0.08550186,0.08856089,0.18750000,0.14516129,0.15366432,0.50000000,0.16666667,0.12500000,0.08292013,0.09747981
2026-06-14T17:00:00Z,0,0.08518519,0.08823529,0.18750000,0.14516129,0.15065903,0.40000000,0.14285714,0.12500000,0.08803734,0.10152676
2026-06-15T17:00:00Z,0,0.08487085,0.08791209,0.18750000,0.14516129,0.14772264,0.33333333,0.15789474,0.15625000,0.10961979,0.12368584
2026-06-16T17:00:00Z,1,0.08455882,0.08759124,0.15625000,0.12903226,0.14485356,0.28571429,0.17647059,0.09375000,0.13169350,0.14491594
2026-06-17T17:00:00Z,0,0.08791209,0.09090909,0.18750000,0.14516129,0.16390828,0.37500000,0.07692308,0.09375000,0.17107766,0.21067774
2026-06-18T17:00:00Z,0,0.08759124,0.09057971,0.18750000,0.14516129,0.16066912,0.33333333,0.16000000,0.15625000,0.12559951,0.15132024
2026-06-19T17:00:00Z,0,0.08727273,0.09025271,0.18750000,0.14516129,0.15750419,0.30000000,0.13636364,0.15625000,0.08804204,0.10445821
2026-06-20T17:00:00Z,0,0.08695652,0.08992806,0.18750000,0.12903226,0.15441179,0.27272727,0.15000000,0.18750000,0.07545614,0.08850110
2026-06-21T17:00:00Z,0,0.08664260,0.08960573,0.18750000,0.12903226,0.15139024,0.25000000,0.22222222,0.12500000,0.08552389,0.09895566
2026-06-22T17:00:00Z,0,0.08633094,0.08928571,0.18750000,0.12903226,0.14843792,0.23076923,0.06666667,0.18750000,0.11380124,0.12949973
2026-06-23T17:00:00Z,0,0.08602151,0.08896797,0.15625000,0.12903226,0.14555324,0.21428571,0.40000000,0.21875000,0.14018136,0.15633374
2026-06-24T17:00:00Z,0,0.08571429,0.08865248,0.15625000,0.12903226,0.14273464,0.20000000,0.20000000,0.21875000,0.13448058,0.14722475
2026-06-25T17:00:00Z,0,0.08540925,0.08833922,0.15625000,0.12903226,0.13998061,0.18750000,0.11111111,0.12500000,0.10109350,0.10907169
2026-06-26T17:00:00Z,1,0.08510638,0.08802817,0.15625000,0.12903226,0.13728966,0.17647059,0.22222222,0.06250000,0.07172990,0.07657632
2026-06-27T17:00:00Z,0,0.08833922,0.09122807,0.18750000,0.12903226,0.15651053,0.22222222,0.07407407,0.06250000,0.08697876,0.10120099
2026-06-28T17:00:00Z,1,0.08802817,0.09090909,0.18750000,0.12903226,0.15344170,0.21052632,0.15384615,0.12500000,0.09052329,0.10421873
2026-06-29T17:00:00Z,1,0.09122807,0.09407666,0.21875000,0.14516129,0.17229197,0.25000000,0.07142857,0.06250000,0.14533517,0.17745282
2026-06-30T17:00:00Z,0,0.09440559,0.09722222,0.21875000,0.16129032,0.19071058,0.28571429,0.10344828,0.09375000,0.19716877,0.24856493
2026-07-01T17:00:00Z,0,0.09407666,0.09688581,0.21875000,0.16129032,0.18685991,0.27272727,0.18518519,0.15625000,0.13369652,0.16596527
2026-07-02T17:00:00Z,0,0.09375000,0.09655172,0.21875000,0.16129032,0.18309741,0.26086957,0.13043478,0.12500000,0.10263954,0.12663128
2026-07-03T17:00:00Z,0,0.09342561,0.09621993,0.21875000,0.16129032,0.17942106,0.25000000,0.14285714,0.12500000,0.08074275,0.09902888
2026-07-04T17:00:00Z,0,0.09310345,0.09589041,0.18750000,0.16129032,0.17582887,0.24000000,0.21052632,0.12500000,0.07217033,0.08806268
2026-07-05T17:00:00Z,0,0.09278351,0.09556314,0.18750000,0.16129032,0.17231892,0.23076923,0.06250000,0.09375000,0.08225099,0.09973785
2026-07-06T17:00:00Z,0,0.09246575,0.09523810,0.18750000,0.16129032,0.16888932,0.22222222,0.37500000,0.21875000,0.10571952,0.12694054
2026-07-07T17:00:00Z,0,0.09215017,0.09491525,0.18750000,0.16129032,0.16553822,0.21428571,0.18181818,0.18750000,0.11609633,0.13794097
2026-07-08T17:00:00Z,0,0.09183673,0.09459459,0.18750000,0.16129032,0.16226384,0.20689655,0.10000000,0.15625000,0.10506237,0.12386546
2026-07-09T17:00:00Z,1,0.09152542,0.09427609,0.18750000,0.16129032,0.15906439,0.20000000,0.30000000,0.09375000,0.08226099,0.09644565
2026-07-10T17:00:00Z,1,0.09459459,0.09731544,0.21875000,0.17741935,0.17778052,0.22580645,0.10000000,0.09375000,0.09612938,0.11575217
2026-07-11T17:00:00Z,0,0.09764310,0.10033445,0.25000000,0.19354839,0.19606831,0.25000000,0.12903226,0.12500000,0.10326316,0.12683297
2026-07-12T17:00:00Z,1,0.09731544,0.10000000,0.21875000,0.19354839,0.19209624,0.24242424,0.17857143,0.15625000,0.10129051,0.12387577
2026-07-13T17:00:00Z,1,0.10033445,0.10299003,0.25000000,0.20967742,0.21005592,0.26470588,0.12500000,0.12500000,0.15756233,0.19421110
2026-07-14T17:00:00Z,1,0.10333333,0.10596026,0.28125000,0.22580645,0.22760462,0.28571429,0.15151515,0.15625000,0.19723950,0.24341086
2026-07-15T17:00:00Z,1,0.10631229,0.10891089,0.31250000,0.24193548,0.24475177,0.30555556,0.17647059,0.18750000,0.20903001,0.25873196
2026-07-16T17:00:00Z,0,0.10927152,0.11184211,0.34375000,0.24193548,0.26150657,0.32432432,0.20000000,0.21875000,0.20444812,0.25313157
2026-07-17T17:00:00Z,1,0.10891089,0.11147541,0.31250000,0.24193548,0.25603901,0.31578947,0.20689655,0.18750000,0.15146681,0.18947925
2026-07-18T17:00:00Z,0,0.11184211,0.11437908,0.34375000,0.25806452,0.27253511,0.33333333,0.19444444,0.18750000,0.16630412,0.20593313
2026-07-19T17:00:00Z,0,0.11147541,0.11400651,0.34375000,0.25806452,0.26681567,0.32500000,0.23333333,0.21875000,0.16434067,0.20470087
2026-07-20T17:00:00Z,1,0.11111111,0.11363636,0.34375000,0.25806452,0.26122707,0.31707317,0.12500000,0.12500000,0.20375266,0.25269990
2026-07-21T17:00:00Z,0,0.11400651,0.11650485,0.37500000,0.27419355,0.27760364,0.33333333,0.18918919,0.15625000,0.30083566,0.35835858
2026-07-22T17:00:00Z,0,0.11363636,0.11612903,0.37500000,0.27419355,0.27176866,0.32558140,0.22580645,0.21875000,0.24021521,0.29145876
2026-07-23T17:00:00Z,0,0.11326861,0.11575563,0.37500000,0.25806452,0.26606715,0.31818182,0.16000000,0.18750000,0.18739980,0.22993210
2026-07-24T17:00:00Z,0,0.11290323,0.11538462,0.37500000,0.25806452,0.26049606,0.31111111,0.13636364,0.18750000,0.15562318,0.19198048
2026-07-25T17:00:00Z,1,0.11254019,0.11501597,0.37500000,0.25806452,0.25505241,0.30434783,0.20000000,0.12500000,0.12513964,0.15504680
2026-07-26T17:00:00Z,0,0.11538462,0.11783439,0.40625000,0.27419355,0.27156869,0.31914894,0.18421053,0.21875000,0.19250292,0.23168050
2026-07-27T17:00:00Z,1,0.11501597,0.11746032,0.37500000,0.27419355,0.26587214,0.31250000,0.21875000,0.21875000,0.22710657,0.27376322
