post_id,reviewer_id,reviewed_at_utc,source_access,llm_decision,announcement_status,primary_action,secondary_actions,action_cluster_id,new_hard_reset_actions,new_banked_reset_actions,new_limit_change_actions,reason_type,scope_class,agrees_with_llm,confidence,uncertainties,reviewer_notes
1968163721034994139,,,,,,,,,,,,,,,,,
1983973493864894739,,,,,,,,,,,,,,,,,
1986166501435711936,,,,,,,,,,,,,,,,,
1986863197803192782,,,,,,,,,,,,,,,,,
1992370994028388670,,,,,,,,,,,,,,,,,
1995988609896513743,,,,,,,,,,,,,,,,,
2001114683047317723,,,,,,,,,,,,,,,,,
2002137269134819610,,,,,,,,,,,,,,,,,
2004100061933064395,,,,,,,,,,,,,,,,,
2028649088594436225,,,,,,,,,,,,,,,,,
2029308599835738218,,,,,,,,,,,,,,,,,
2030474136024400173,,,,,,,,,,,,,,,,,
2031216405266481489,,,,,,,,,,,,,,,,,
2031605592352313567,,,,,,,,,,,,,,,,,
2037346989244096581,,,,,,,,,,,,,,,,,
2039248564967424483,,,,,,,,,,,,,,,,,
2041655710346572085,,,,,,,,,,,,,,,,,
2042299371602264319,,,,,,,,,,,,,,,,,
2044943514832871564,,,,,,,,,,,,,,,,,
2046367145588916687,,,,,,,,,,,,,,,,,
2048997818673537399,,,,,,,,,,,,,,,,,
2055707616605835333,,,,,,,,,,,,,,,,,
2058280452851638313,,,,,,,,,,,,,,,,,
2061106703446450392,,,,,,,,,,,,,,,,,
2062329981548802523,,,,,,,,,,,,,,,,,
2065225362544726371,,,,,,,,,,,,,,,,,
2065468501750649006,,,,,,,,,,,,,,,,,
2066956441173323943,,,,,,,,,,,,,,,,,
2067399435009622521,,,,,,,,,,,,,,,,,
2070653282440405046,,,,,,,,,,,,,,,,,
2071381664853319742,,,,,,,,,,,,,,,,,
2071740419030053227,,,,,,,,,,,,,,,,,
2075330198887940337,,,,,,,,,,,,,,,,,
2075641131002700120,,,,,,,,,,,,,,,,,
2075820987833274448,,,,,,,,,,,,,,,,,
2076365965915467978,,,,,,,,,,,,,,,,,
2076418567143408112,,,,,,,,,,,,,,,,,
2076735790567338203,,,,,,,,,,,,,,,,,
2077114635308986427,,,,,,,,,,,,,,,,,
2077607697487188198,,,,,,,,,,,,,,,,,
2078320950488297917,,,,,,,,,,,,,,,,,
2079609157934886975,,,,,,,,,,,,,,,,,
2081096447718723984,,,,,,,,,,,,,,,,,
2081899343091843463,,,,,,,,,,,,,,,,,
2081940052154933696,,,,,,,,,,,,,,,,,
